-- phpMyAdmin SQL Dump
-- version 5.1.0
-- https://www.phpmyadmin.net/
--
-- Host: 127.0.0.1
-- Generation Time: Dec 20, 2021 at 09:27 AM
-- Server version: 10.4.19-MariaDB
-- PHP Version: 7.3.28

SET SQL_MODE = "NO_AUTO_VALUE_ON_ZERO";
START TRANSACTION;
SET time_zone = "+00:00";


/*!40101 SET @OLD_CHARACTER_SET_CLIENT=@@CHARACTER_SET_CLIENT */;
/*!40101 SET @OLD_CHARACTER_SET_RESULTS=@@CHARACTER_SET_RESULTS */;
/*!40101 SET @OLD_COLLATION_CONNECTION=@@COLLATION_CONNECTION */;
/*!40101 SET NAMES utf8mb4 */;

--
-- Database: `dataprod`
--

-- --------------------------------------------------------

--
-- Table structure for table `buku`
--

CREATE TABLE `buku` (
  `id_buku` int(10) NOT NULL,
  `nama_buku` varchar(20) NOT NULL,
  `deskripsi` varchar(255) NOT NULL
) ENGINE=InnoDB DEFAULT CHARSET=latin1;

--
-- Dumping data for table `buku`
--

INSERT INTO `buku` (`id_buku`, `nama_buku`, `deskripsi`) VALUES
(11, 'Dilan 1991', 'Kisah Perjalanan Cinta Dilan Dan Milea '),
(12, 'Dilan 1990', 'Cinta Pertama Dilan menemukan milea di sekolah'),
(13, 'Harry Potter', ' Harry Potter dan sahabatnya, Ronald Bilius Weasley dan Hermione Jean Granger, yang merupakan pelajar di Sekolah Sihir Hogwarts. Inti cerita dalam novel-novel ini berpusat pada upaya Harry untuk mengalahkan penyihir hitam jahat bernama Lord Voldemort, yan'),
(14, 'Naruto', 'Naruto Uzumaki, seorang ninja yang hiperaktif, periang, dan ambisius yang ingin mewujudkan keinginannya untuk mendapatkan gelar Hokage, pemimpin dan ninja terkuat di desanya. Serial ini didasarkan pada komik one-shot oleh Kishimoto yang diterbitkan dalam ');

-- --------------------------------------------------------

--
-- Table structure for table `detail_peminjaman_buku`
--

CREATE TABLE `detail_peminjaman_buku` (
  `id_detail_peminjaman_buku` int(11) NOT NULL,
  `id_peminjaman_buku` int(11) NOT NULL,
  `id_buku` int(11) NOT NULL,
  `qty` int(11) NOT NULL
) ENGINE=InnoDB DEFAULT CHARSET=latin1;

--
-- Dumping data for table `detail_peminjaman_buku`
--

INSERT INTO `detail_peminjaman_buku` (`id_detail_peminjaman_buku`, `id_peminjaman_buku`, `id_buku`, `qty`) VALUES
(10, 9, 12, 1),
(11, 10, 13, 1),
(12, 11, 11, 1);

-- --------------------------------------------------------

--
-- Table structure for table `jurusan`
--

CREATE TABLE `jurusan` (
  `id_jurusan` int(11) NOT NULL,
  `nama_jurusan` varchar(20) NOT NULL,
  `angkatan` varchar(20) NOT NULL
) ENGINE=InnoDB DEFAULT CHARSET=latin1;

--
-- Dumping data for table `jurusan`
--

INSERT INTO `jurusan` (`id_jurusan`, `nama_jurusan`, `angkatan`) VALUES
(1, 'sistem informasi', '2020'),
(7, 'Teknik Elektro', '2020'),
(8, 'Bahasa Inggris', '2020'),
(9, 'Akuntansi', '2020'),
(10, 'Teknik Mesin', '2019'),
(11, 'Menejamen', '2020'),
(12, 'Teknik Industri', '2020');

-- --------------------------------------------------------

--
-- Table structure for table `mahasiswa`
--

CREATE TABLE `mahasiswa` (
  `id_mhs` int(11) NOT NULL,
  `nama` varchar(100) NOT NULL,
  `tanggal_lahir` date NOT NULL,
  `jenis_kelamin` enum('L','P') NOT NULL,
  `alamat` text NOT NULL,
  `username` varchar(255) DEFAULT NULL,
  `password` varchar(255) DEFAULT NULL,
  `id_jurusan` int(11) NOT NULL
) ENGINE=InnoDB DEFAULT CHARSET=latin1;

--
-- Dumping data for table `mahasiswa`
--

INSERT INTO `mahasiswa` (`id_mhs`, `nama`, `tanggal_lahir`, `jenis_kelamin`, `alamat`, `username`, `password`, `id_jurusan`) VALUES
(12, 'febrian', '2002-02-20', 'L', 'La Suncipto', 'febrian', '12345', 1),
(13, 'afsa', '2001-02-21', 'L', 'jl batu bara malang pandanwangi', 'afsa', '1234', 7),
(14, 'Rian Agarta', '1999-08-20', 'L', 'Jl Soekarno Hatta', 'rian', '12345', 12),
(15, 'Dwiki Arya', '1998-04-21', 'L', 'Jl Sudimoro malang', 'Dwiki', '123456', 7),
(16, 'Anggi M', '2000-02-16', 'P', 'Jl.Gajayana', 'anggi', '12345', 12);

-- --------------------------------------------------------

--
-- Table structure for table `peminjaman_buku`
--

CREATE TABLE `peminjaman_buku` (
  `id_peminjaman_buku` int(11) NOT NULL,
  `tanggal_pinjam` date NOT NULL,
  `id_mhs` int(11) NOT NULL,
  `tanggal_kembali` date NOT NULL
) ENGINE=InnoDB DEFAULT CHARSET=latin1;

--
-- Dumping data for table `peminjaman_buku`
--

INSERT INTO `peminjaman_buku` (`id_peminjaman_buku`, `tanggal_pinjam`, `id_mhs`, `tanggal_kembali`) VALUES
(9, '2021-12-20', 12, '2021-12-25'),
(10, '2021-12-20', 12, '2021-12-25'),
(11, '2021-12-20', 12, '2021-12-25');

-- --------------------------------------------------------

--
-- Table structure for table `pengembalian_buku`
--

CREATE TABLE `pengembalian_buku` (
  `id_pengembalian_buku` int(11) NOT NULL,
  `id_peminjaman_buku` int(11) NOT NULL,
  `tanggal_pengembalian` date NOT NULL,
  `denda` int(11) NOT NULL
) ENGINE=InnoDB DEFAULT CHARSET=latin1;

--
-- Dumping data for table `pengembalian_buku`
--

INSERT INTO `pengembalian_buku` (`id_pengembalian_buku`, `id_peminjaman_buku`, `tanggal_pengembalian`, `denda`) VALUES
(6, 10, '2021-12-20', 0),
(7, 9, '2021-12-20', 0);

--
-- Indexes for dumped tables
--

--
-- Indexes for table `buku`
--
ALTER TABLE `buku`
  ADD PRIMARY KEY (`id_buku`);

--
-- Indexes for table `detail_peminjaman_buku`
--
ALTER TABLE `detail_peminjaman_buku`
  ADD PRIMARY KEY (`id_detail_peminjaman_buku`),
  ADD KEY `id_buku` (`id_buku`),
  ADD KEY `id_peminjaman_buku` (`id_peminjaman_buku`);

--
-- Indexes for table `jurusan`
--
ALTER TABLE `jurusan`
  ADD PRIMARY KEY (`id_jurusan`);

--
-- Indexes for table `mahasiswa`
--
ALTER TABLE `mahasiswa`
  ADD PRIMARY KEY (`id_mhs`),
  ADD KEY `id_jurusan` (`id_jurusan`);

--
-- Indexes for table `peminjaman_buku`
--
ALTER TABLE `peminjaman_buku`
  ADD PRIMARY KEY (`id_peminjaman_buku`),
  ADD KEY `id_mhs` (`id_mhs`);

--
-- Indexes for table `pengembalian_buku`
--
ALTER TABLE `pengembalian_buku`
  ADD PRIMARY KEY (`id_pengembalian_buku`),
  ADD KEY `id_peminjaman_buku` (`id_peminjaman_buku`);

--
-- AUTO_INCREMENT for dumped tables
--

--
-- AUTO_INCREMENT for table `buku`
--
ALTER TABLE `buku`
  MODIFY `id_buku` int(10) NOT NULL AUTO_INCREMENT, AUTO_INCREMENT=15;

--
-- AUTO_INCREMENT for table `detail_peminjaman_buku`
--
ALTER TABLE `detail_peminjaman_buku`
  MODIFY `id_detail_peminjaman_buku` int(11) NOT NULL AUTO_INCREMENT, AUTO_INCREMENT=13;

--
-- AUTO_INCREMENT for table `jurusan`
--
ALTER TABLE `jurusan`
  MODIFY `id_jurusan` int(11) NOT NULL AUTO_INCREMENT, AUTO_INCREMENT=13;

--
-- AUTO_INCREMENT for table `mahasiswa`
--
ALTER TABLE `mahasiswa`
  MODIFY `id_mhs` int(11) NOT NULL AUTO_INCREMENT, AUTO_INCREMENT=17;

--
-- AUTO_INCREMENT for table `peminjaman_buku`
--
ALTER TABLE `peminjaman_buku`
  MODIFY `id_peminjaman_buku` int(11) NOT NULL AUTO_INCREMENT, AUTO_INCREMENT=12;

--
-- AUTO_INCREMENT for table `pengembalian_buku`
--
ALTER TABLE `pengembalian_buku`
  MODIFY `id_pengembalian_buku` int(11) NOT NULL AUTO_INCREMENT, AUTO_INCREMENT=8;

--
-- Constraints for dumped tables
--

--
-- Constraints for table `detail_peminjaman_buku`
--
ALTER TABLE `detail_peminjaman_buku`
  ADD CONSTRAINT `detail_peminjaman_buku_ibfk_1` FOREIGN KEY (`id_buku`) REFERENCES `buku` (`id_buku`) ON DELETE CASCADE ON UPDATE CASCADE,
  ADD CONSTRAINT `detail_peminjaman_buku_ibfk_2` FOREIGN KEY (`id_peminjaman_buku`) REFERENCES `peminjaman_buku` (`id_peminjaman_buku`) ON DELETE CASCADE ON UPDATE CASCADE;

--
-- Constraints for table `mahasiswa`
--
ALTER TABLE `mahasiswa`
  ADD CONSTRAINT `mahasiswa_ibfk_1` FOREIGN KEY (`id_jurusan`) REFERENCES `jurusan` (`id_jurusan`) ON DELETE CASCADE ON UPDATE CASCADE;

--
-- Constraints for table `peminjaman_buku`
--
ALTER TABLE `peminjaman_buku`
  ADD CONSTRAINT `peminjaman_buku_ibfk_1` FOREIGN KEY (`id_mhs`) REFERENCES `mahasiswa` (`id_mhs`) ON DELETE CASCADE ON UPDATE CASCADE;

--
-- Constraints for table `pengembalian_buku`
--
ALTER TABLE `pengembalian_buku`
  ADD CONSTRAINT `pengembalian_buku_ibfk_1` FOREIGN KEY (`id_peminjaman_buku`) REFERENCES `peminjaman_buku` (`id_peminjaman_buku`) ON DELETE CASCADE ON UPDATE CASCADE;
COMMIT;

/*!40101 SET CHARACTER_SET_CLIENT=@OLD_CHARACTER_SET_CLIENT */;
/*!40101 SET CHARACTER_SET_RESULTS=@OLD_CHARACTER_SET_RESULTS */;
/*!40101 SET COLLATION_CONNECTION=@OLD_COLLATION_CONNECTION */;
